{
  "iteration": 4,
  "p1": {
    "passed": 1211,
    "failed": 206,
    "rate": 0.8546224417784051,
    "elapsed": 818.2295391559601,
    "session_dir": "/Users/MAC/SuneelWorkSpace/logs/simeval/large-20260616-015540",
    "output": "[large-eval] session: large-20260616-015540\n[large-eval] scenarios: 1444 | workers: 8\n  [ 100/1444]  pass=92 fail=8 warn=0 (92.0%)  42s elapsed\n  [ 200/1444]  pass=154 fail=36 warn=10 (77.0%)  78s elapsed\n  [ 300/1444]  pass=239 fail=51 warn=10 (79.7%)  107s elapsed\n  [ 400/1444]  pass=334 fail=56 warn=10 (83.5%)  153s elapsed\n  [ 500/1444]  pass=430 fail=60 warn=10 (86.0%)  193s elapsed\n  [ 600/1444]  pass=522 fail=64 warn=14 (87.0%)  228s elapsed\n  [ 700/1444]  pass=614 fail=72 warn=14 (87.7%)  266s elapsed\n  [ 800/1444]  pass=699 fail=87 warn=14 (87.4%)  317s elapsed\n  [ 900/1444]  pass=794 fail=90 warn=16 (88.2%)  366s elapsed\n  [1000/1444]  pass=880 fail=103 warn=17 (88.0%)  453s elapsed\n  [1100/1444]  pass=953 fail=130 warn=17 (86.6%)  533s elapsed\n  [1200/1444]  pass=1002 fail=173 warn=25 (83.5%)  649s elapsed\n  [1300/1444]  pass=1088 fail=187 warn=25 (83.7%)  759s elapsed\n  [1400/1444]  pass=1175 fail=198 warn=27 (83.9%)  785s elapsed\n  [1444/1444]  pass=1211 fail=206 warn=27 (83.9%)  818s elapsed\n[large-eval] building reports \u2026\n\n============================================================\nDONE  818.2s  |  1444 scenarios\nPass: 1211 (83.9%)  Warn: 27  Fail: 206\nRegex: 648 (44.9%)  LLM: 796\nSafety breaches: 25\nReports: /Users/MAC/SuneelWorkSpace/logs/simeval/large-20260616-015540\n============================================================\n",
    "script": "run_large_eval.py"
  },
  "p2": {
    "passed": 343,
    "failed": 92,
    "rate": 0.7885057471264367,
    "elapsed": 360.50911116600037,
    "session_dir": null,
    "output": "[p2-eval] session: large-p2-20260616-020918  scenarios: 446\n  [ 100/446]  pass=88 fail=7 warn=5 (88.0%)  117s\n  [ 200/446]  pass=163 fail=32 warn=5 (81.5%)  195s\n  [ 300/446]  pass=230 fail=64 warn=6 (76.7%)  266s\n  [ 400/446]  pass=309 fail=81 warn=10 (77.2%)  322s\n  [ 446/446]  pass=343 fail=92 warn=11 (76.9%)  360s\n\n============================================================\nPASS 2 DONE  360.4s  |  446 scenarios\nPass: 343 (76.9%)  Fail: 92\nRegex: 84  Session: /Users/MAC/SuneelWorkSpace/logs/simeval/large-p2-20260616-020918\n============================================================\n",
    "script": "run_large_eval_p2.py"
  },
  "combined": 0.8390928725701944,
  "analysis": {
    "total_failures": 1444,
    "top_10": "[(('chat', 'unknown'), 129), (('status', 'unknown'), 68), (('disk_usage', 'unknown'), 65), (('git_status', 'unknown'), 59), (('web_search', 'unknown'), 56), (('fix_error', 'unknown'), 56), ((None, 'unknown'), 56), (('gmail', 'unknown'), 54), (('large_files', 'unknown'), 47), (('cleanup', 'unknown'), 43)]"
  },
  "patches": []
}